customer_id,customer_name,invoices,sales_excluding_tax,profit,sales_rank
149,"Tailspin Toys (Inguadona, MN)",126,381585.35,189277.45,1
132,"Tailspin Toys (Minidoka, ID)",125,371822.30,185432.55,2
977,Mauno Laurila,115,369058.30,172559.80,3
580,"Wingtip Toys (Sarversville, PA)",136,365427.00,188919.75,4
954,Nasrin Omidzadeh,124,361939.75,181555.60,5
14,"Tailspin Toys (Long Meadow, MD)",117,360901.50,174221.40,6
964,Ingrida Zeltina,135,359859.45,189239.35,7
472,"Wingtip Toys (San Jacinto, CA)",125,355293.35,185158.65,8
996,Laszlo Gardenier,108,354680.80,172134.75,9
841,Camille Authier,120,353499.15,173946.95,10
1001,Dinh Mai,127,353177.75,172153.50,11
593,"Wingtip Toys (Cuyamungue, NM)",125,353046.95,178329.95,12
550,"Wingtip Toys (Morrison Bluff, AR)",113,352287.20,171513.35,13
510,"Wingtip Toys (Grabill, IN)",120,351138.65,180712.10,14
569,"Wingtip Toys (West Frostproof, FL)",131,346621.45,177147.55,15
874,Daniel Martensson,120,346062.20,173490.95,16
856,Satish Mittal,120,345839.10,179484.75,17
861,Amarasimha Vinjamuri,117,344208.65,165285.95,18
102,"Tailspin Toys (Fieldbrook, CA)",130,344005.05,163720.60,19
480,"Wingtip Toys (Wapinitia, OR)",109,343236.10,163084.60,20
