state_province_name,sales_territory,sales_excluding_tax,profit,profit_margin_pct
Texas,Southwest,11957764.15,5965592.00,49.89
Pennsylvania,Mideast,9783132.70,4915138.00,50.24
California,Far West,8831110.45,4434686.05,50.22
New York,Mideast,8772199.75,4371937.70,49.84
Florida,Southeast,5787315.30,2864044.80,49.49
Ohio,Great Lakes,5660985.60,2785127.20,49.2
Minnesota,Plains,5045973.45,2498576.10,49.52
New Jersey,Mideast,5031679.95,2481739.00,49.32
Missouri,Plains,4877587.05,2443205.10,50.09
New Mexico,Southwest,4686447.30,2312902.50,49.35
Oklahoma,Southwest,4573415.25,2272234.85,49.68
North Carolina,Southeast,4500867.10,2235356.90,49.67
Colorado,Rocky Mountain,4495091.85,2216075.40,49.3
Illinois,Great Lakes,4481522.00,2251077.05,50.23
Washington,Far West,4227224.30,2093723.70,49.53
Alabama,Southeast,4071091.25,2016658.00,49.54
South Carolina,Southeast,3867711.85,1917090.45,49.57
West Virginia,Southeast,3739949.90,1857287.55,49.66
Michigan,Great Lakes,3518207.75,1760800.10,50.05
Louisiana,Southeast,3461439.75,1710731.70,49.42
Kansas,Plains,3420712.00,1709816.00,49.98
Indiana,Great Lakes,3259041.70,1645318.80,50.48
Wisconsin,Great Lakes,3233476.80,1604458.95,49.62
Iowa,Plains,3118711.40,1563214.95,50.12
Georgia,Southeast,3060707.70,1539340.95,50.29
Alaska,Far West,3002070.80,1484469.75,49.45
Massachusetts[E],New England,2777956.35,1366291.65,49.18
Arizona,Southwest,2707093.60,1372172.40,50.69
North Dakota,Plains,2652217.20,1326511.95,50.02
Kentucky,Southeast,2564819.40,1269557.70,49.5
Virginia,Southeast,2487655.70,1243156.75,49.97
Oregon,Far West,2251099.55,1121762.90,49.83
South Dakota,Plains,2228144.15,1088074.25,48.83
Arkansas,Southeast,2219387.50,1097253.60,49.44
Puerto Rico (US Territory),External,2200138.60,1093669.85,49.71
Maryland,Mideast,2171296.90,1074535.30,49.49
Nebraska,Plains,1963830.60,967570.30,49.27
Montana,Rocky Mountain,1909242.20,948225.30,49.67
Maine,New England,1825647.35,903079.95,49.47
Idaho,Rocky Mountain,1807870.25,911020.80,50.39
Wyoming,Rocky Mountain,1660527.65,828909.20,49.92
Mississippi,Southeast,1285255.80,639864.15,49.78
Vermont,New England,1254536.95,631784.65,50.36
Nevada,Far West,1251229.85,627297.30,50.13
Tennessee,Southeast,1218964.50,604642.10,49.6
Utah,Rocky Mountain,1204218.00,589378.75,48.94
Connecticut,New England,922101.95,447308.95,48.51
New Hampshire,New England,915812.20,464557.55,50.73
Hawaii,Far West,316857.85,161952.00,51.11
