salesperson,orders,ordered_value_including_tax,invoices,sales_including_tax,profit,sales_rank
Archer Lamble,7532,21327909.15,7184,20629803.44,8954101.55,1
Kayla Woodcock,7474,20818520.39,7160,20197271.36,8728969.30,2
Hudson Onslow,7281,20482363.65,6988,19906785.93,8672342.65,3
Taj Shand,7371,20477934.44,7074,19882524.15,8613502.60,4
Sophia Hinton,7349,20427349.73,7073,19866023.48,8536821.50,5
Hudson Hollinworth,7400,20367509.08,7079,19697857.73,8548731.50,6
Lily Code,7268,20248885.73,6978,19650933.07,8529973.70,7
Jack Potter,7387,20259272.14,7061,19628351.36,8505753.45,8
Amy Trefl,7276,19922921.21,6959,19293258.55,8343123.90,9
Anthony Grosse,7257,19889648.90,6954,19290630.38,8295860.75,10
