stock_item_name,brand,color_name,quantity_sold,sales_excluding_tax,profit,sales_rank,profit_rank
Air cushion machine (Blue),N/A,N/A,5849,11107251.00,4439391.00,1,2
32 mm Anti static bubble wrap (Blue) 50m,N/A,Blue,60800,6384000.00,3526400.00,2,3
10 mm Anti static bubble wrap (Blue) 50m,N/A,Blue,63930,6329070.00,3452220.00,3,4
20 mm Double sided bubble wrap 50m,N/A,N/A,57540,6214320.00,5293680.00,4,1
32 mm Double sided bubble wrap 50m,N/A,N/A,55270,6190240.00,2929310.00,5,5
10 mm Double sided bubble wrap 50m,N/A,N/A,56600,5943000.00,2773400.00,6,6
20 mm Anti static bubble wrap (Blue) 50m,N/A,Blue,56820,5795640.00,2670540.00,7,7
32 mm Anti static bubble wrap (Blue) 20m,N/A,Blue,60420,2900160.00,1510500.00,8,8
Void fill 400 L bag (White) 400L,N/A,N/A,57430,2871500.00,1378320.00,9,9
20 mm Anti static bubble wrap (Blue) 20m,N/A,Blue,54860,2468700.00,1316640.00,10,11
10 mm Anti static bubble wrap (Blue) 20m,N/A,Blue,57270,2405340.00,1088130.00,11,13
Void fill 300 L bag (White) 300L,N/A,N/A,57280,2148000.00,1116960.00,12,12
32 mm Double sided bubble wrap 20m,N/A,N/A,57530,2128610.00,1323190.00,13,10
Ride on big wheel monster truck (Black) 1/12 scale,Northwind,Black,5770,1990650.00,807800.00,14,22
20 mm Double sided bubble wrap 20m,N/A,N/A,59160,1952280.00,1064880.00,15,14
32 mm Anti static bubble wrap (Blue) 10m,N/A,Blue,58120,1859840.00,929920.00,16,15
Tape dispenser (Blue),N/A,N/A,57920,1853440.00,868800.00,17,18
Tape dispenser (Black),N/A,N/A,57700,1846400.00,865500.00,18,19
Ride on vintage American toy coupe (Black) 1/12 scale,Northwind,Black,6110,1741350.00,794300.00,19,25
10 mm Double sided bubble wrap 20m,N/A,N/A,55810,1674300.00,892960.00,20,17
