customer_id,customer_name,version_number,customer_category_name,buying_group_name,delivery_city_name,effective_start_date,effective_end_date,is_current
1,Tailspin Toys (Head Office),1,Novelty Shop,Tailspin Toys,Lisco,1900-01-01,2015-12-31,false
1,Tailspin Toys (Head Office),2,Supermarket,Tailspin Toys,Lisco,2016-01-01,9999-12-31,true
2,"Tailspin Toys (Sylvanite, MT)",1,Novelty Shop,Tailspin Toys,Sylvanite,1900-01-01,2015-12-31,false
2,"Tailspin Toys (Sylvanite, MT)",2,Supermarket,Tailspin Toys,Sylvanite,2016-01-01,9999-12-31,true
3,"Tailspin Toys (Peeples Valley, AZ)",1,Novelty Shop,Tailspin Toys,Peeples Valley,1900-01-01,2015-12-31,false
3,"Tailspin Toys (Peeples Valley, AZ)",2,Supermarket,Tailspin Toys,Peeples Valley,2016-01-01,9999-12-31,true
4,"Tailspin Toys (Medicine Lodge, KS)",1,Novelty Shop,Tailspin Toys,Medicine Lodge,1900-01-01,2015-12-31,false
4,"Tailspin Toys (Medicine Lodge, KS)",2,Supermarket,Tailspin Toys,Medicine Lodge,2016-01-01,9999-12-31,true
5,"Tailspin Toys (Gasport, NY)",1,Novelty Shop,Tailspin Toys,Gasport,1900-01-01,2015-12-31,false
5,"Tailspin Toys (Gasport, NY)",2,Supermarket,Tailspin Toys,Gasport,2016-01-01,9999-12-31,true
6,"Tailspin Toys (Jessie, ND)",1,Novelty Shop,Tailspin Toys,Jessie,1900-01-01,2015-12-31,false
6,"Tailspin Toys (Jessie, ND)",2,Supermarket,Tailspin Toys,Jessie,2016-01-01,9999-12-31,true
7,"Tailspin Toys (Frankewing, TN)",1,Novelty Shop,Tailspin Toys,Frankewing,1900-01-01,2015-12-31,false
7,"Tailspin Toys (Frankewing, TN)",2,Novelty Shop,Wingtip Toys,Frankewing,2016-01-01,9999-12-31,true
8,"Tailspin Toys (Bow Mar, CO)",1,Novelty Shop,Tailspin Toys,Bow Mar,1900-01-01,2015-12-31,false
8,"Tailspin Toys (Bow Mar, CO)",2,Novelty Shop,Wingtip Toys,Bow Mar,2016-01-01,9999-12-31,true
9,"Tailspin Toys (Netcong, NJ)",1,Novelty Shop,Tailspin Toys,Netcong,1900-01-01,2015-12-31,false
9,"Tailspin Toys (Netcong, NJ)",2,Novelty Shop,Wingtip Toys,Netcong,2016-01-01,9999-12-31,true
10,"Tailspin Toys (Wimbledon, ND)",1,Novelty Shop,Tailspin Toys,Wimbledon,1900-01-01,2015-12-31,false
10,"Tailspin Toys (Wimbledon, ND)",2,Novelty Shop,Tailspin Toys,Wimer,2016-01-01,9999-12-31,true
11,"Tailspin Toys (Devault, PA)",1,Novelty Shop,Tailspin Toys,Devault,1900-01-01,2015-12-31,false
11,"Tailspin Toys (Devault, PA)",2,Novelty Shop,Tailspin Toys,Devens,2016-01-01,9999-12-31,true
12,"Tailspin Toys (Biscay, MN)",1,Novelty Shop,Tailspin Toys,Biscay,1900-01-01,2015-12-31,false
12,"Tailspin Toys (Biscay, MN)",2,Novelty Shop,Tailspin Toys,Biscayne Park,2016-01-01,9999-12-31,true
