city_name,state_province_name,sales_territory,sales_excluding_tax,profit
Sinclair,Wyoming,Rocky Mountain,564498.70,288943.40
Teutopolis,Illinois,Great Lakes,556173.15,268520.65
East Fultonham,Ohio,Great Lakes,546914.25,280544.80
Akhiok,Alaska,Far West,542733.20,259554.30
Cherry Grove Beach,South Carolina,Southeast,526621.15,257902.75
Rockwall,Texas,Southwest,506933.10,253225.35
Inguadona,Minnesota,Plains,381585.35,189277.45
Minidoka,Idaho,Rocky Mountain,371822.30,185432.55
North Eaton,Ohio,Great Lakes,369058.30,172559.80
Sarversville,Pennsylvania,Mideast,365427.00,188919.75
Mary Esther,Florida,Southeast,361939.75,181555.60
Long Meadow,Maryland,Mideast,360901.50,174221.40
Trilby,Florida,Southeast,359859.45,189239.35
San Jacinto,California,Far West,355293.35,185158.65
Marion Hill,Pennsylvania,Mideast,354680.80,172134.75
Abbottsburg,North Carolina,Southeast,353499.15,173946.95
Dorchester,Texas,Southwest,353177.75,172153.50
Cuyamungue,New Mexico,Southwest,353046.95,178329.95
Morrison Bluff,Arkansas,Southeast,352287.20,171513.35
Grabill,Indiana,Great Lakes,351138.65,180712.10
West Frostproof,Florida,Southeast,346621.45,177147.55
Mamou,Louisiana,Southeast,346062.20,173490.95
Dry Run,Pennsylvania,Mideast,345839.10,179484.75
North Brookfield,Massachusetts[E],New England,344208.65,165285.95
Fieldbrook,California,Far West,344005.05,163720.60
