customer_id,customer_name,customer_category_name,buying_group_name,delivery_city_name,effective_start_date,effective_end_date,invoices,first_invoice_date,last_invoice_date,sales_including_tax,all_invoices_inside_version_range
1,Tailspin Toys (Head Office),Novelty Shop,Tailspin Toys,Lisco,1900-01-01,2015-12-31,114,2013-03-04,2015-12-01,336227.04,true
1,Tailspin Toys (Head Office),Supermarket,Tailspin Toys,Lisco,2016-01-01,9999-12-31,9,2016-01-18,2016-05-27,15071.04,true
2,"Tailspin Toys (Sylvanite, MT)",Novelty Shop,Tailspin Toys,Sylvanite,1900-01-01,2015-12-31,103,2013-01-05,2015-12-31,236967.99,true
2,"Tailspin Toys (Sylvanite, MT)",Supermarket,Tailspin Toys,Sylvanite,2016-01-01,9999-12-31,13,2016-01-14,2016-05-14,26435.07,true
3,"Tailspin Toys (Peeples Valley, AZ)",Novelty Shop,Tailspin Toys,Peeples Valley,1900-01-01,2015-12-31,114,2013-01-02,2015-12-23,317165.60,true
3,"Tailspin Toys (Peeples Valley, AZ)",Supermarket,Tailspin Toys,Peeples Valley,2016-01-01,9999-12-31,12,2016-01-08,2016-05-30,36414.64,true
4,"Tailspin Toys (Medicine Lodge, KS)",Novelty Shop,Tailspin Toys,Medicine Lodge,1900-01-01,2015-12-31,90,2013-01-18,2015-12-31,301532.16,true
4,"Tailspin Toys (Medicine Lodge, KS)",Supermarket,Tailspin Toys,Medicine Lodge,2016-01-01,9999-12-31,12,2016-01-08,2016-04-28,42403.34,true
5,"Tailspin Toys (Gasport, NY)",Novelty Shop,Tailspin Toys,Gasport,1900-01-01,2015-12-31,97,2013-01-11,2015-12-19,252263.48,true
5,"Tailspin Toys (Gasport, NY)",Supermarket,Tailspin Toys,Gasport,2016-01-01,9999-12-31,21,2016-01-05,2016-05-28,43353.31,true
6,"Tailspin Toys (Jessie, ND)",Novelty Shop,Tailspin Toys,Jessie,1900-01-01,2015-12-31,97,2013-01-05,2015-12-31,271456.37,true
6,"Tailspin Toys (Jessie, ND)",Supermarket,Tailspin Toys,Jessie,2016-01-01,9999-12-31,13,2016-02-03,2016-05-31,23750.85,true
7,"Tailspin Toys (Frankewing, TN)",Novelty Shop,Tailspin Toys,Frankewing,1900-01-01,2015-12-31,112,2013-01-30,2015-12-22,319450.42,true
7,"Tailspin Toys (Frankewing, TN)",Novelty Shop,Wingtip Toys,Frankewing,2016-01-01,9999-12-31,17,2016-01-15,2016-05-27,54777.72,true
8,"Tailspin Toys (Bow Mar, CO)",Novelty Shop,Tailspin Toys,Bow Mar,1900-01-01,2015-12-31,85,2013-01-10,2015-12-19,217629.99,true
8,"Tailspin Toys (Bow Mar, CO)",Novelty Shop,Wingtip Toys,Bow Mar,2016-01-01,9999-12-31,18,2016-01-13,2016-05-20,47416.44,true
9,"Tailspin Toys (Netcong, NJ)",Novelty Shop,Tailspin Toys,Netcong,1900-01-01,2015-12-31,92,2013-02-19,2015-12-31,298943.83,true
9,"Tailspin Toys (Netcong, NJ)",Novelty Shop,Wingtip Toys,Netcong,2016-01-01,9999-12-31,12,2016-01-08,2016-05-24,26637.01,true
10,"Tailspin Toys (Wimbledon, ND)",Novelty Shop,Tailspin Toys,Wimbledon,1900-01-01,2015-12-31,97,2013-01-01,2015-12-01,316119.39,true
10,"Tailspin Toys (Wimbledon, ND)",Novelty Shop,Tailspin Toys,Wimer,2016-01-01,9999-12-31,18,2016-01-05,2016-05-24,48442.68,true
11,"Tailspin Toys (Devault, PA)",Novelty Shop,Tailspin Toys,Devault,1900-01-01,2015-12-31,96,2013-01-11,2015-12-31,312505.05,true
11,"Tailspin Toys (Devault, PA)",Novelty Shop,Tailspin Toys,Devens,2016-01-01,9999-12-31,13,2016-01-07,2016-05-31,40079.92,true
12,"Tailspin Toys (Biscay, MN)",Novelty Shop,Tailspin Toys,Biscay,1900-01-01,2015-12-31,84,2013-01-14,2015-12-23,257547.06,true
12,"Tailspin Toys (Biscay, MN)",Novelty Shop,Tailspin Toys,Biscayne Park,2016-01-01,9999-12-31,15,2016-02-02,2016-05-27,33190.91,true
