run_id,stage,check_name,table_name,severity,status,failed_rows,checked_at
run_20261009T035504_2b617a,oltp,table_rows_equal_file_rows,application.cities,CRITICAL,PASS,0,2026-10-09 03:55:07.012568
run_20261009T035504_2b617a,oltp,table_rows_equal_file_rows,application.countries,CRITICAL,PASS,0,2026-10-09 03:55:07.030121
run_20261009T035504_2b617a,oltp,table_rows_equal_file_rows,application.delivery_methods,CRITICAL,PASS,0,2026-10-09 03:55:07.04499
run_20261009T035504_2b617a,oltp,table_rows_equal_file_rows,application.payment_methods,CRITICAL,PASS,0,2026-10-09 03:55:07.058459
run_20261009T035504_2b617a,oltp,table_rows_equal_file_rows,application.people,CRITICAL,PASS,0,2026-10-09 03:55:07.074637
run_20261009T035504_2b617a,oltp,table_rows_equal_file_rows,application.state_provinces,CRITICAL,PASS,0,2026-10-09 03:55:07.089331
run_20261009T035504_2b617a,oltp,table_rows_equal_file_rows,application.transaction_types,CRITICAL,PASS,0,2026-10-09 03:55:07.102376
run_20261009T035504_2b617a,oltp,table_rows_equal_file_rows,purchasing.purchase_order_lines,CRITICAL,PASS,0,2026-10-09 03:55:07.115853
run_20261009T035504_2b617a,oltp,table_rows_equal_file_rows,purchasing.purchase_orders,CRITICAL,PASS,0,2026-10-09 03:55:07.132267
run_20261009T035504_2b617a,oltp,table_rows_equal_file_rows,purchasing.supplier_categories,CRITICAL,PASS,0,2026-10-09 03:55:07.145638
run_20261009T035504_2b617a,oltp,table_rows_equal_file_rows,purchasing.suppliers,CRITICAL,PASS,0,2026-10-09 03:55:07.158826
run_20261009T035504_2b617a,oltp,table_rows_equal_file_rows,purchasing.supplier_transactions,CRITICAL,PASS,0,2026-10-09 03:55:07.171813
run_20261009T035504_2b617a,oltp,table_rows_equal_file_rows,sales.buying_groups,CRITICAL,PASS,0,2026-10-09 03:55:07.18437
run_20261009T035504_2b617a,oltp,table_rows_equal_file_rows,sales.customer_categories,CRITICAL,PASS,0,2026-10-09 03:55:07.198166
run_20261009T035504_2b617a,oltp,table_rows_equal_file_rows,sales.customers,CRITICAL,PASS,0,2026-10-09 03:55:07.211966
run_20261009T035504_2b617a,oltp,table_rows_equal_file_rows,sales.customer_transactions,CRITICAL,PASS,0,2026-10-09 03:55:07.225296
run_20261009T035504_2b617a,oltp,table_rows_equal_file_rows,sales.invoice_lines,CRITICAL,PASS,0,2026-10-09 03:55:07.23748
run_20261009T035504_2b617a,oltp,table_rows_equal_file_rows,sales.invoices,CRITICAL,PASS,0,2026-10-09 03:55:07.252382
run_20261009T035504_2b617a,oltp,table_rows_equal_file_rows,sales.order_lines,CRITICAL,PASS,0,2026-10-09 03:55:07.268228
run_20261009T035504_2b617a,oltp,table_rows_equal_file_rows,sales.orders,CRITICAL,PASS,0,2026-10-09 03:55:07.282882
run_20261009T035504_2b617a,oltp,table_rows_equal_file_rows,warehouse.cold_room_temperatures,CRITICAL,PASS,0,2026-10-09 03:55:07.295676
run_20261009T035504_2b617a,oltp,table_rows_equal_file_rows,warehouse.colors,CRITICAL,PASS,0,2026-10-09 03:55:07.30899
run_20261009T035504_2b617a,oltp,table_rows_equal_file_rows,warehouse.package_types,CRITICAL,PASS,0,2026-10-09 03:55:07.320835
run_20261009T035504_2b617a,oltp,table_rows_equal_file_rows,warehouse.stock_groups,CRITICAL,PASS,0,2026-10-09 03:55:07.333092
run_20261009T035504_2b617a,oltp,table_rows_equal_file_rows,warehouse.stock_item_holdings,CRITICAL,PASS,0,2026-10-09 03:55:07.347183
run_20261009T035504_2b617a,oltp,table_rows_equal_file_rows,warehouse.stock_items,CRITICAL,PASS,0,2026-10-09 03:55:07.359724
run_20261009T035504_2b617a,oltp,table_rows_equal_file_rows,warehouse.stock_item_stock_groups,CRITICAL,PASS,0,2026-10-09 03:55:07.373751
run_20261009T035504_2b617a,oltp,table_rows_equal_file_rows,warehouse.stock_item_transactions,CRITICAL,PASS,0,2026-10-09 03:55:07.391284
run_20261009T035504_2b617a,oltp,table_rows_equal_file_rows,warehouse.vehicle_temperatures,CRITICAL,PASS,0,2026-10-09 03:55:07.403495
run_20261009T035504_2b617a,oltp,pk_not_null,sales.customers,CRITICAL,PASS,0,2026-10-09 03:55:07.419055
run_20261009T035504_2b617a,oltp,pk_unique,sales.customers,CRITICAL,PASS,0,2026-10-09 03:55:07.440007
run_20261009T035504_2b617a,oltp,pk_not_null,sales.orders,CRITICAL,PASS,0,2026-10-09 03:55:07.487238
run_20261009T035504_2b617a,oltp,pk_unique,sales.orders,CRITICAL,PASS,0,2026-10-09 03:55:07.530588
run_20261009T035504_2b617a,oltp,pk_not_null,sales.order_lines,CRITICAL,PASS,0,2026-10-09 03:55:07.603664
run_20261009T035504_2b617a,oltp,pk_unique,sales.order_lines,CRITICAL,PASS,0,2026-10-09 03:55:07.672954
run_20261009T035504_2b617a,oltp,pk_not_null,sales.invoices,CRITICAL,PASS,0,2026-10-09 03:55:07.729283
run_20261009T035504_2b617a,oltp,pk_unique,sales.invoices,CRITICAL,PASS,0,2026-10-09 03:55:07.765655
run_20261009T035504_2b617a,oltp,pk_not_null,sales.invoice_lines,CRITICAL,PASS,0,2026-10-09 03:55:07.833789
run_20261009T035504_2b617a,oltp,pk_unique,sales.invoice_lines,CRITICAL,PASS,0,2026-10-09 03:55:07.895009
run_20261009T035504_2b617a,oltp,pk_not_null,warehouse.stock_items,CRITICAL,PASS,0,2026-10-09 03:55:07.910417
run_20261009T035504_2b617a,oltp,pk_unique,warehouse.stock_items,CRITICAL,PASS,0,2026-10-09 03:55:07.929912
run_20261009T035504_2b617a,oltp,pk_not_null,application.people,CRITICAL,PASS,0,2026-10-09 03:55:07.949314
run_20261009T035504_2b617a,oltp,pk_unique,application.people,CRITICAL,PASS,0,2026-10-09 03:55:07.970057
run_20261009T035504_2b617a,oltp,pk_not_null,application.cities,CRITICAL,PASS,0,2026-10-09 03:55:08.005852
run_20261009T035504_2b617a,oltp,pk_unique,application.cities,CRITICAL,PASS,0,2026-10-09 03:55:08.034381
run_20261009T035504_2b617a,oltp,pk_not_null,application.state_provinces,CRITICAL,PASS,0,2026-10-09 03:55:08.050024
run_20261009T035504_2b617a,oltp,pk_unique,application.state_provinces,CRITICAL,PASS,0,2026-10-09 03:55:08.067502
run_20261009T035504_2b617a,oltp,pk_not_null,application.countries,CRITICAL,PASS,0,2026-10-09 03:55:08.085325
run_20261009T035504_2b617a,oltp,pk_unique,application.countries,CRITICAL,PASS,0,2026-10-09 03:55:08.105074
run_20261009T035504_2b617a,oltp,pk_not_null,sales.customer_categories,CRITICAL,PASS,0,2026-10-09 03:55:08.120385
run_20261009T035504_2b617a,oltp,pk_unique,sales.customer_categories,CRITICAL,PASS,0,2026-10-09 03:55:08.138499
run_20261009T035504_2b617a,oltp,pk_not_null,sales.buying_groups,CRITICAL,PASS,0,2026-10-09 03:55:08.155034
run_20261009T035504_2b617a,oltp,pk_unique,sales.buying_groups,CRITICAL,PASS,0,2026-10-09 03:55:08.170886
run_20261009T035504_2b617a,oltp,pk_not_null,warehouse.colors,CRITICAL,PASS,0,2026-10-09 03:55:08.186464
run_20261009T035504_2b617a,oltp,pk_unique,warehouse.colors,CRITICAL,PASS,0,2026-10-09 03:55:08.204457
run_20261009T035504_2b617a,oltp,pk_not_null,warehouse.package_types,CRITICAL,PASS,0,2026-10-09 03:55:08.219875
run_20261009T035504_2b617a,oltp,pk_unique,warehouse.package_types,CRITICAL,PASS,0,2026-10-09 03:55:08.236459
run_20261009T035504_2b617a,oltp,pk_not_null,purchasing.suppliers,CRITICAL,PASS,0,2026-10-09 03:55:08.252481
run_20261009T035504_2b617a,oltp,pk_unique,purchasing.suppliers,CRITICAL,PASS,0,2026-10-09 03:55:08.270665
run_20261009T035504_2b617a,oltp,pk_not_null,application.delivery_methods,CRITICAL,PASS,0,2026-10-09 03:55:08.287184
run_20261009T035504_2b617a,oltp,pk_unique,application.delivery_methods,CRITICAL,PASS,0,2026-10-09 03:55:08.305036
run_20261009T035504_2b617a,oltp,pk_not_null,warehouse.stock_groups,CRITICAL,PASS,0,2026-10-09 03:55:08.322738
run_20261009T035504_2b617a,oltp,pk_unique,warehouse.stock_groups,CRITICAL,PASS,0,2026-10-09 03:55:08.338606
run_20261009T035504_2b617a,oltp,fk_CustomerCategoryID,sales.customers,CRITICAL,PASS,0,2026-10-09 03:55:08.368363
run_20261009T035504_2b617a,oltp,fk_BuyingGroupID,sales.customers,CRITICAL,PASS,0,2026-10-09 03:55:08.393771
run_20261009T035504_2b617a,oltp,fk_DeliveryCityID,sales.customers,CRITICAL,PASS,0,2026-10-09 03:55:08.42818
run_20261009T035504_2b617a,oltp,fk_BillToCustomerID,sales.customers,CRITICAL,PASS,0,2026-10-09 03:55:08.448663
run_20261009T035504_2b617a,oltp,fk_PrimaryContactPersonID,sales.customers,CRITICAL,PASS,0,2026-10-09 03:55:08.472309
run_20261009T035504_2b617a,oltp,fk_CustomerID,sales.orders,CRITICAL,PASS,0,2026-10-09 03:55:08.546093
run_20261009T035504_2b617a,oltp,fk_SalespersonPersonID,sales.orders,CRITICAL,PASS,0,2026-10-09 03:55:08.612584
run_20261009T035504_2b617a,oltp,fk_OrderID,sales.order_lines,CRITICAL,PASS,0,2026-10-09 03:55:08.755083
run_20261009T035504_2b617a,oltp,fk_StockItemID,sales.order_lines,CRITICAL,PASS,0,2026-10-09 03:55:08.863857
run_20261009T035504_2b617a,oltp,fk_OrderID,sales.invoices,CRITICAL,PASS,0,2026-10-09 03:55:08.957897
run_20261009T035504_2b617a,oltp,fk_CustomerID,sales.invoices,CRITICAL,PASS,0,2026-10-09 03:55:09.027623
run_20261009T035504_2b617a,oltp,fk_SalespersonPersonID,sales.invoices,CRITICAL,PASS,0,2026-10-09 03:55:09.093275
run_20261009T035504_2b617a,oltp,fk_InvoiceID,sales.invoice_lines,CRITICAL,PASS,0,2026-10-09 03:55:09.235493
run_20261009T035504_2b617a,oltp,fk_StockItemID,sales.invoice_lines,CRITICAL,PASS,0,2026-10-09 03:55:09.344439
run_20261009T035504_2b617a,oltp,fk_StateProvinceID,application.cities,CRITICAL,PASS,0,2026-10-09 03:55:09.388074
run_20261009T035504_2b617a,oltp,fk_CountryID,application.state_provinces,CRITICAL,PASS,0,2026-10-09 03:55:09.40444
run_20261009T035504_2b617a,oltp,fk_SupplierID,warehouse.stock_items,CRITICAL,PASS,0,2026-10-09 03:55:09.422156
run_20261009T035504_2b617a,oltp,fk_ColorID,warehouse.stock_items,CRITICAL,PASS,0,2026-10-09 03:55:09.442972
run_20261009T035504_2b617a,oltp,order_line_quantity_positive,sales.order_lines,WARNING,PASS,0,2026-10-09 03:55:09.557739
run_20261009T035504_2b617a,oltp,invoice_line_quantity_positive,sales.invoice_lines,WARNING,PASS,0,2026-10-09 03:55:09.681854
run_20261009T035504_2b617a,oltp,order_line_price_not_negative,sales.order_lines,WARNING,PASS,0,2026-10-09 03:55:10.056394
run_20261009T035504_2b617a,oltp,invoice_line_price_not_negative,sales.invoice_lines,WARNING,PASS,0,2026-10-09 03:55:10.431665
run_20261009T035504_2b617a,oltp,invoice_line_extended_price_formula,sales.invoice_lines,WARNING,PASS,0,2026-10-09 03:55:11.065286
run_20261009T035504_2b617a,oltp,order_date_valid,sales.orders,WARNING,PASS,0,2026-10-09 03:55:11.100829
run_20261009T035504_2b617a,oltp,invoice_date_valid,sales.invoices,WARNING,PASS,0,2026-10-09 03:55:11.13287
run_20261009T035504_2b617a,oltp,expected_delivery_not_before_order,sales.orders,WARNING,PASS,0,2026-10-09 03:55:11.695635
run_20261009T035504_2b617a,oltp,invoice_not_before_order,sales.invoices,WARNING,PASS,0,2026-10-09 03:55:12.267112
run_20261009T035504_2b617a,oltp,delivery_not_before_invoice,sales.invoices,WARNING,PASS,0,2026-10-09 03:55:12.610212
run_20261009T035504_2b617a,olap,date_key_unique,dim_date,CRITICAL,PASS,0,2026-10-09 03:55:15.345762
run_20261009T035504_2b617a,olap,city_key_unique,dim_city,CRITICAL,PASS,0,2026-10-09 03:55:15.367166
run_20261009T035504_2b617a,olap,employee_key_unique,dim_employee,CRITICAL,PASS,0,2026-10-09 03:55:15.382425
run_20261009T035504_2b617a,olap,stock_item_key_unique,dim_stock_item,CRITICAL,PASS,0,2026-10-09 03:55:15.397445
run_20261009T035504_2b617a,olap,customer_key_unique,dim_customer,CRITICAL,PASS,0,2026-10-09 03:55:15.413684
run_20261009T035504_2b617a,olap,city_id_business_key_unique,dim_city,CRITICAL,PASS,0,2026-10-09 03:55:15.434853
run_20261009T035504_2b617a,olap,person_id_business_key_unique,dim_employee,CRITICAL,PASS,0,2026-10-09 03:55:15.45071
run_20261009T035504_2b617a,olap,stock_item_id_business_key_unique,dim_stock_item,CRITICAL,PASS,0,2026-10-09 03:55:15.466469
run_20261009T035504_2b617a,olap,scd_exactly_one_current_row_per_customer,dim_customer,CRITICAL,PASS,0,2026-10-09 03:55:15.513105
run_20261009T035504_2b617a,olap,scd_no_overlapping_date_ranges,dim_customer,CRITICAL,PASS,0,2026-10-09 03:55:15.546306
run_20261009T035504_2b617a,olap,scd_end_date_not_before_start_date,dim_customer,CRITICAL,PASS,0,2026-10-09 03:55:15.56411
run_20261009T035504_2b617a,olap,scd_no_gaps_between_versions,dim_customer,CRITICAL,PASS,0,2026-10-09 03:55:15.589457
run_20261009T035504_2b617a,olap,dim_customer_covers_every_oltp_customer,dim_customer,CRITICAL,PASS,0,2026-10-09 03:55:15.604767
run_20261009T035504_2b617a,olap,fact_order_rows_equal_oltp_order_lines,fact_order,CRITICAL,PASS,0,2026-10-09 03:55:15.620045
run_20261009T035504_2b617a,olap,fact_sale_rows_equal_oltp_invoice_lines,fact_sale,CRITICAL,PASS,0,2026-10-09 03:55:15.636067
run_20261009T035504_2b617a,olap,fact_order_grain_unique,fact_order,CRITICAL,PASS,0,2026-10-09 03:55:15.676654
run_20261009T035504_2b617a,olap,fact_sale_grain_unique,fact_sale,CRITICAL,PASS,0,2026-10-09 03:55:15.713331
run_20261009T035504_2b617a,olap,fact_sale_total_matches_oltp,fact_sale,CRITICAL,PASS,0,2026-10-09 03:55:15.781827
run_20261009T035504_2b617a,olap,fact_sale_profit_matches_oltp,fact_sale,CRITICAL,PASS,0,2026-10-09 03:55:15.846214
run_20261009T035504_2b617a,olap,fact_order_quantity_matches_oltp,fact_order,CRITICAL,PASS,0,2026-10-09 03:55:15.885696
run_20261009T035504_2b617a,olap,fact_order_total_equals_excl_plus_tax,fact_order,CRITICAL,PASS,0,2026-10-09 03:55:15.901354
run_20261009T035504_2b617a,olap,fact_order_customer_version_valid_on_order_date,fact_order,CRITICAL,PASS,0,2026-10-09 03:55:15.924821
run_20261009T035504_2b617a,olap,fact_sale_customer_version_valid_on_invoice_date,fact_sale,CRITICAL,PASS,0,2026-10-09 03:55:15.945526
run_20261009T035504_2b617a,olap,fact_order_quantity_positive,fact_order,WARNING,PASS,0,2026-10-09 03:55:15.960283
run_20261009T035504_2b617a,olap,fact_sale_quantity_positive,fact_sale,WARNING,PASS,0,2026-10-09 03:55:15.973193
run_20261009T035504_2b617a,olap,fact_order.customer_key_resolves_to_dimension,fact_order,CRITICAL,PASS,0,2026-10-09 03:55:15.98609
run_20261009T035504_2b617a,olap,fact_order.city_key_resolves_to_dimension,fact_order,CRITICAL,PASS,0,2026-10-09 03:55:15.99982
run_20261009T035504_2b617a,olap,fact_order.stock_item_key_resolves_to_dimension,fact_order,CRITICAL,PASS,0,2026-10-09 03:55:16.013724
run_20261009T035504_2b617a,olap,fact_order.salesperson_key_resolves_to_dimension,fact_order,CRITICAL,PASS,0,2026-10-09 03:55:16.026835
run_20261009T035504_2b617a,olap,fact_order.order_date_key_resolves_to_dimension,fact_order,CRITICAL,PASS,0,2026-10-09 03:55:16.040995
run_20261009T035504_2b617a,olap,fact_sale.customer_key_resolves_to_dimension,fact_sale,CRITICAL,PASS,0,2026-10-09 03:55:16.055792
run_20261009T035504_2b617a,olap,fact_sale.bill_to_customer_key_resolves_to_dimension,fact_sale,CRITICAL,PASS,0,2026-10-09 03:55:16.071328
run_20261009T035504_2b617a,olap,fact_sale.city_key_resolves_to_dimension,fact_sale,CRITICAL,PASS,0,2026-10-09 03:55:16.086388
run_20261009T035504_2b617a,olap,fact_sale.stock_item_key_resolves_to_dimension,fact_sale,CRITICAL,PASS,0,2026-10-09 03:55:16.099841
run_20261009T035504_2b617a,olap,fact_sale.salesperson_key_resolves_to_dimension,fact_sale,CRITICAL,PASS,0,2026-10-09 03:55:16.113549
run_20261009T035504_2b617a,olap,fact_sale.invoice_date_key_resolves_to_dimension,fact_sale,CRITICAL,PASS,0,2026-10-09 03:55:16.12838
run_20261009T035504_2b617a,olap,fact_order.picker_key_unknown_member_rows,fact_order,INFO,INFO,23740,2026-10-09 03:55:16.144225
run_20261009T035504_2b617a,olap,fact_order.picked_date_key_unknown_member_rows,fact_order,INFO,INFO,3147,2026-10-09 03:55:16.158779
run_20261009T035504_2b617a,olap,fact_order.invoice_date_key_unknown_member_rows,fact_order,INFO,INFO,3147,2026-10-09 03:55:16.172846
run_20261009T035504_2b617a,olap,fact_sale.delivery_date_key_unknown_member_rows,fact_sale,INFO,INFO,284,2026-10-09 03:55:16.187502
run_20261009T035504_2b617a,olap,rerun_row_counts_stable_vs_run_20261009T035451_5180b9,all,CRITICAL,PASS,0,2026-10-09 03:55:16.263093
