run_id,load_no,table_name,source_file,rows_in_file,rows_loaded,ingested_at
run_20261009T035504_2b617a,2,application.cities,data/Application.Cities.csv,37940,37940,2026-10-09 03:55:05.197399
run_20261009T035504_2b617a,2,application.countries,data/Application.Countries.csv,190,190,2026-10-09 03:55:05.218119
run_20261009T035504_2b617a,2,application.delivery_methods,data/Application.DeliveryMethods.csv,10,10,2026-10-09 03:55:05.242489
run_20261009T035504_2b617a,2,application.payment_methods,data/Application.PaymentMethods.csv,4,4,2026-10-09 03:55:05.259445
run_20261009T035504_2b617a,2,application.people,data/Application.People.csv,1111,1111,2026-10-09 03:55:05.301727
run_20261009T035504_2b617a,2,application.state_provinces,data/Application.StateProvinces.csv,53,53,2026-10-09 03:55:05.319688
run_20261009T035504_2b617a,2,application.transaction_types,data/Application.TransactionTypes.csv,13,13,2026-10-09 03:55:05.337331
run_20261009T035504_2b617a,2,purchasing.purchase_order_lines,data/Purchasing.PurchaseOrderLines.csv,8367,8367,2026-10-09 03:55:05.400157
run_20261009T035504_2b617a,2,purchasing.purchase_orders,data/Purchasing.PurchaseOrders.csv,2074,2074,2026-10-09 03:55:05.452885
run_20261009T035504_2b617a,2,purchasing.supplier_categories,data/Purchasing.SupplierCategories.csv,9,9,2026-10-09 03:55:05.47178
run_20261009T035504_2b617a,2,purchasing.suppliers,data/Purchasing.Suppliers.csv,13,13,2026-10-09 03:55:05.491244
run_20261009T035504_2b617a,2,purchasing.supplier_transactions,data/Purchasing.SupplierTransactions.csv,2438,2438,2026-10-09 03:55:05.546717
run_20261009T035504_2b617a,2,sales.buying_groups,data/Sales.BuyingGroups.csv,2,2,2026-10-09 03:55:05.564032
run_20261009T035504_2b617a,2,sales.customer_categories,data/Sales.CustomerCategories.csv,8,8,2026-10-09 03:55:05.582231
run_20261009T035504_2b617a,2,sales.customers,data/batch2/Sales.Customers.csv,663,663,2026-10-09 03:55:05.650701
run_20261009T035504_2b617a,2,sales.customer_transactions,data/Sales.CustomerTransactions.csv,97147,97147,2026-10-09 03:55:05.811681
run_20261009T035504_2b617a,2,sales.invoice_lines,data/Sales.InvoiceLines.csv,228265,228265,2026-10-09 03:55:05.960898
run_20261009T035504_2b617a,2,sales.invoices,data/Sales.Invoices.csv,70510,70510,2026-10-09 03:55:06.171559
run_20261009T035504_2b617a,2,sales.order_lines,data/Sales.OrderLines.csv,231412,231412,2026-10-09 03:55:06.342558
run_20261009T035504_2b617a,2,sales.orders,data/Sales.Orders.csv,73595,73595,2026-10-09 03:55:06.494213
run_20261009T035504_2b617a,2,warehouse.cold_room_temperatures,data/Warehouse.ColdRoomTemperatures.csv,4,4,2026-10-09 03:55:06.513883
run_20261009T035504_2b617a,2,warehouse.colors,data/Warehouse.Colors.csv,36,36,2026-10-09 03:55:06.530635
run_20261009T035504_2b617a,2,warehouse.package_types,data/Warehouse.PackageTypes.csv,14,14,2026-10-09 03:55:06.549677
run_20261009T035504_2b617a,2,warehouse.stock_groups,data/Warehouse.StockGroups.csv,10,10,2026-10-09 03:55:06.570079
run_20261009T035504_2b617a,2,warehouse.stock_item_holdings,data/Warehouse.StockItemHoldings.csv,227,227,2026-10-09 03:55:06.594713
run_20261009T035504_2b617a,2,warehouse.stock_items,data/Warehouse.StockItems.csv,227,227,2026-10-09 03:55:06.617727
run_20261009T035504_2b617a,2,warehouse.stock_item_stock_groups,data/Warehouse.StockItemStockGroups.csv,442,442,2026-10-09 03:55:06.641754
run_20261009T035504_2b617a,2,warehouse.stock_item_transactions,data/Warehouse.StockItemTransactions.csv,236667,236667,2026-10-09 03:55:06.807356
run_20261009T035504_2b617a,2,warehouse.vehicle_temperatures,data/Warehouse.VehicleTemperatures.csv,65998,65998,2026-10-09 03:55:06.988453
