fiscal_year_label,fiscal_month_number,calendar_month,invoices,quantity_sold,sales_excluding_tax,sales_including_tax,profit
FY2013,3,2013-01,1639,193271,3770410.85,4335972.97,1890687.80
FY2013,4,2013-02,1120,142120,2776786.20,3193304.60,1383023.30
FY2013,5,2013-03,1624,207486,3870505.30,4451081.62,1933679.05
FY2013,6,2013-04,1636,212995,4059606.85,4668548.40,2011957.20
FY2013,7,2013-05,1727,230725,4417965.55,5080661.05,2231604.45
FY2013,8,2013-06,1624,213468,4069036.20,4679392.14,2003843.25
FY2013,9,2013-07,1824,232599,4381767.45,5039033.18,2177622.75
FY2013,10,2013-08,1486,192199,3495991.00,4020390.18,1735165.70
FY2013,11,2013-09,1539,190567,3779040.85,4345897.56,1893782.75
FY2013,12,2013-10,1546,198476,3752608.45,4315500.25,1882507.65
FY2014,1,2013-11,1494,194290,3697461.90,4252081.74,1836923.30
FY2014,2,2013-12,1508,193461,3636007.40,4181408.95,1787555.05
FY2014,3,2014-01,1719,216337,4067538.00,4677669.28,2045397.60
FY2014,4,2014-02,1476,182103,3470209.20,3990741.07,1723582.20
FY2014,5,2014-03,1538,196451,3861928.75,4441218.55,1902807.75
FY2014,6,2014-04,1670,209020,4095234.65,4709520.43,2027121.10
FY2014,7,2014-05,1811,239381,4590639.10,5279235.69,2273988.65
FY2014,8,2014-06,1800,223182,4266644.10,4906641.36,2133969.75
FY2014,9,2014-07,1925,248966,4786301.05,5504246.85,2391625.15
FY2014,10,2014-08,1572,194525,4085489.60,4698313.60,2009714.10
FY2014,11,2014-09,1580,199954,3882968.85,4465414.61,1939203.40
FY2014,12,2014-10,1831,228840,4438683.65,5104486.71,2211354.40
FY2015,1,2014-11,1549,195892,4018967.45,4621813.04,1987334.15
FY2015,2,2014-12,1832,232750,4364882.80,5019615.70,2182364.20
FY2015,3,2015-01,1749,217931,4401699.25,5061954.63,2228239.60
FY2015,4,2015-02,1661,203070,4195319.25,4824617.67,2112629.50
FY2015,5,2015-03,1821,236872,4528131.65,5207351.93,2245233.95
FY2015,6,2015-04,2020,253471,5073264.75,5834255.09,2530376.70
FY2015,7,2015-05,1857,223741,4480730.55,5152840.72,2220597.65
FY2015,8,2015-06,1878,223838,4515840.45,5193217.15,2225717.80
FY2015,9,2015-07,2166,266768,5155672.00,5929023.38,2582126.75
FY2015,10,2015-08,1642,204532,3938163.40,4528888.44,1962927.75
FY2015,11,2015-09,1970,231852,4662600.00,5361990.68,2302806.30
FY2015,12,2015-10,1880,233207,4492049.40,5165857.34,2234956.50
FY2016,1,2015-11,1743,220911,4089208.50,4702590.28,2067029.60
FY2016,2,2015-12,1863,224073,4458811.25,5127633.50,2244958.55
FY2016,3,2016-01,1844,250297,4447705.95,5103948.25,2225355.10
FY2016,4,2016-02,1655,216618,4005616.85,4596534.78,1975672.45
FY2016,5,2016-03,1887,252408,4645254.00,5330250.56,2303563.60
FY2016,6,2016-04,1856,251945,4563666.10,5236062.81,2226725.85
FY2016,7,2016-05,1948,270036,4970932.65,5704232.71,2443448.55
