product_category,quantity_sold,sales_excluding_tax,profit,sales_rank,profit_rank
Packaging Materials,5696347,100664171.55,51663616.75,1,1
Clothing,2624338,46441244.00,21929432.50,2,3
Computing Novelties,1962719,37402931.45,21977328.45,3,2
Novelty Items,1168276,34880309.65,12524168.15,4,5
T-Shirts,1581492,28466856.00,16587696.00,5,4
Toys,121360,15077335.00,6244973.00,6,6
Furry Footwear,395849,5134492.00,3766380.50,7,7
USB Novelties,81057,4724985.45,2908387.45,8,8
Mugs,244010,3172130.00,2074085.00,9,9
