order_id,order_date,customer_name,backorder_order_id,backordered_lines,backordered_quantity,unfulfilled_value_excluding_tax,order_value_excluding_tax,pct_of_order_value
36214,2014-10-17,Fabrice Cloutier,,2,220,5360.00,5360.00,100.0
53131,2015-07-14,"Wingtip Toys (Coker, AL)",,2,208,5144.00,5144.00,100.0
16272,2013-10-30,Jay Bhuiyan,,2,210,5040.00,5040.00,100.0
63588,2015-12-25,Jitka Necesana,,2,198,4824.00,4824.00,100.0
28244,2014-06-04,"Tailspin Toys (East Portal, CO)",,2,198,4824.00,4824.00,100.0
60915,2015-11-11,"Tailspin Toys (Koontzville, WA)",,2,200,4720.00,4720.00,100.0
50978,2015-06-10,Jayanta Thakur,,2,184,4712.00,4712.00,100.0
65361,2016-01-21,Marcela Lucescu,,2,186,4608.00,4608.00,100.0
63196,2015-12-18,"Tailspin Toys (Upper Preston, WA)",,3,416,4588.00,4588.00,100.0
43255,2015-02-14,Volkan senturk,,2,188,4504.00,4504.00,100.0
35381,2014-10-04,"Tailspin Toys (Rockwall, TX)",,2,240,4320.00,4320.00,100.0
59049,2015-10-14,"Wingtip Toys (Floriston, CA)",,2,240,4320.00,4320.00,100.0
15015,2013-10-07,Edmee Glissen,,2,240,4320.00,4320.00,100.0
40638,2014-12-31,"Wingtip Toys (West Frostproof, FL)",,2,240,4320.00,4320.00,100.0
69198,2016-03-26,Kamila Michnova,,2,162,4176.00,4176.00,100.0
41174,2015-01-09,Som Mukherjee,,2,228,4104.00,4104.00,100.0
29796,2014-06-27,"Tailspin Toys (Bowlus, MN)",,2,228,4104.00,4104.00,100.0
40307,2014-12-25,"Wingtip Toys (Mier, IN)",,2,228,4104.00,4104.00,100.0
32368,2014-08-08,"Wingtip Toys (Herlong, CA)",,2,228,4104.00,4104.00,100.0
70080,2016-04-09,"Tailspin Toys (Victory Gardens, NJ)",,2,166,3968.00,3968.00,100.0
71022,2016-04-22,"Wingtip Toys (Frenchburg, KY)",,2,216,3888.00,3888.00,100.0
40972,2015-01-06,Nada Jovanovic,,2,216,3888.00,3888.00,100.0
41245,2015-01-12,Sumati Bhat,,2,154,3752.00,3752.00,100.0
7587,2013-05-24,"Wingtip Toys (Akhiok, AK)",,2,204,3672.00,3672.00,100.0
29725,2014-06-26,"Wingtip Toys (Hollandsburg, IN)",,2,204,3672.00,3672.00,100.0
12181,2013-08-13,"Wingtip Toys (Edmund, WI)",,2,204,3672.00,3672.00,100.0
71402,2016-04-28,"Tailspin Toys (Valdese, NC)",,2,192,3456.00,3456.00,100.0
52708,2015-07-08,"Wingtip Toys (Mendoza, TX)",,2,192,3456.00,3456.00,100.0
48000,2015-04-28,"Wingtip Toys (Cloquet, MN)",,2,320,3448.00,3448.00,100.0
70947,2016-04-21,Lakshmi Benipal,,2,144,3432.00,3432.00,100.0
71958,2016-05-06,Stefan Selezeanu,,2,180,3240.00,3240.00,100.0
61387,2015-11-19,"Tailspin Toys (Upper Preston, WA)",,2,180,3240.00,3240.00,100.0
71890,2016-05-05,Rajeev Sandhu,,2,180,3240.00,3240.00,100.0
37478,2014-11-06,"Tailspin Toys (Crary, ND)",,1,100,3200.00,3200.00,100.0
63463,2015-12-23,Arka Chatterjee,,1,100,3200.00,3200.00,100.0
56873,2015-09-10,Bhaamini Palagummi,,1,100,3200.00,3200.00,100.0
19183,2013-12-26,"Wingtip Toys (Boynton, OK)",,1,100,3200.00,3200.00,100.0
68336,2016-03-11,Drishti Bose,,1,100,3200.00,3200.00,100.0
60965,2015-11-12,Elina Kaleja,,1,100,3200.00,3200.00,100.0
59374,2015-10-19,Aleksandrs Riekstins,,1,100,3200.00,3200.00,100.0
27767,2014-05-28,"Wingtip Toys (Cavendish, VT)",,1,100,3200.00,3200.00,100.0
21074,2014-01-29,Dhanishta Mokkapati,,1,100,3200.00,3200.00,100.0
14798,2013-10-01,"Wingtip Toys (Amado, AZ)",,1,100,3200.00,3200.00,100.0
58112,2015-09-29,"Tailspin Toys (North Crows Nest, IN)",,1,100,3200.00,3200.00,100.0
15494,2013-10-16,"Tailspin Toys (Optimo, NM)",,1,100,3200.00,3200.00,100.0
42203,2015-01-27,Matyas Sedlar,,1,100,3200.00,3200.00,100.0
68910,2016-03-22,"Wingtip Toys (Schererville, IN)",,1,100,3200.00,3200.00,100.0
67908,2016-03-03,"Wingtip Toys (Marion Junction, AL)",,1,100,3200.00,3200.00,100.0
17855,2013-11-29,"Wingtip Toys (Dacono, CO)",,1,100,3200.00,3200.00,100.0
45975,2015-03-28,"Wingtip Toys (Hollandsburg, IN)",,1,100,3200.00,3200.00,100.0
