run_id,step_no,step_name,status,started_at,finished_at,message
run_20261009T155252_f0555a,1,Validate source files,SUCCESS,2026-10-09 15:52:52.503188,2026-10-09 15:52:52.546735,
run_20261009T155252_f0555a,2,Create / prepare OLTP database,SUCCESS,2026-10-09 15:52:52.566677,2026-10-09 15:52:52.568365,
run_20261009T155252_f0555a,3,Ingest CSV files into OLTP tables,SUCCESS,2026-10-09 15:52:52.580249,2026-10-09 15:52:54.419,
run_20261009T155252_f0555a,4,Validate OLTP load,SUCCESS,2026-10-09 15:52:54.42913,2026-10-09 15:53:00.17514,
run_20261009T155252_f0555a,5,Prepare OLAP schemas and staging,SUCCESS,2026-10-09 15:53:00.186759,2026-10-09 15:53:00.200886,
run_20261009T155252_f0555a,6,Load dimensions (incl. SCD Type 2),SUCCESS,2026-10-09 15:53:00.216664,2026-10-09 15:53:00.684119,
run_20261009T155252_f0555a,7,Load facts,SUCCESS,2026-10-09 15:53:00.695923,2026-10-09 15:53:02.653784,
run_20261009T155252_f0555a,8,Run final data-quality checks,SUCCESS,2026-10-09 15:53:02.662318,2026-10-09 15:53:03.479369,
run_20261009T155252_f0555a,9,Record pipeline result,SUCCESS,2026-10-09 15:53:03.487995,2026-10-09 15:53:04.089105,
